PCL	PCL
Baird	Baird
Th%C3%A9odore	Theodore
Impossible	`Impossible
Cat	`cat
Perversity	perversity
Braniff	Braniff
Museum	museum
Times-Journal	Times-Journal
Oviedo	Oviedo
Refugium	refugium
Wachtel	Wachtel
Mandolin	mandolin
D.b.s.	DBs
Oyo	Oyo
Abundant	Abundant
Elkhorn	elkhorn
Wary%C5%9B	WARY
Moorings	moorings
Dotty	dotty
Romanian	Romanian
Creativity	creativity
Sentences	Sentences
Jih%C3%A2d	`jihad
Kars	Kars
Resend	re-send
Margarine	Margarine
Windshield	Windshield
Panoramas	Panoramas
Firkin	Firkin
Rosa	rosa
Zermatt	ZERMATT
Chavannes	Chavannes
Ass	ass
%C3%89ire	Eire
Rosalie	Rosalie
Eye	Eye
Gipton	Gipton
Hillside	hillside
SWAT	swat
Incentive	INCENTIVE
Tonga	Tonga
Payne	Payne
Suppressor	suppressor
Basic	BASIC
Association	association
F%C3%BCrst	Furst
SFC	SFC
So-called	socalled
Lambada	Lambada
Mercurio	Mercurio
PLE	P&LE
Teriyaki	teriyaki
Deluges	Deluges
Lakin	Lakin
Blois	Blois
Roarke	Roarke
Orangemen	Orangemen
Classification	Classification
Snakebite	snakebite
Nomi	Nomi
Mafia	mafia
Closer	closer
M%C3%A2r%C5%9Fa	Mara
Amelia	Amelia
ACL	ACL
Faces	faces
Kean	Kean
Tobermory	Tobermory
Pucker	pucker
Quickly	quickly
Australopithecus	Australopithecus
Tan-tan	Tan-Tan
Century	century
MONY	MONY
Dec	Dec
Subcontractor	sub-contractor
Evacuation	Evacuation
Granite	Granite
Block	BLOCK
Tricorne	Tricorne
Fifty-Six	Fifty-six
Gane	gane
Chadwell	Chadwell
Shrinking	SHRINKING
Hungarian	HUNGARIAN
Caloric	Caloric
Ziggy	Ziggy
Straitjacket	strait-jacket
Dartington	Dartington
Polaroid	polaroid
Clark	Clark
Guilty	guilty
Giorgos	Giorgos
Illustrious	illustrious
Sluiced	sluiced
Mediterranean	mediterranean
Shannon	SHANNON
Com%C3%A9die-francaise	Comedie-Francaise
Andrew	ANDREW
Marchais	Marchais
Eastbourne	Eastbourne
Pit	Pit
Arte	Arte
Vidovic	Vidovic
Lipson	Lipson
TCBY	TCBY
Butternut	Butternut
Ugh	ugh
Dual	dual
WAS	`Was
Swithland	Swithland
Leash	LEASH
MK801	MK-801
Rubio	Rubio
Welcome	`Welcome
D.I.R.T.	dirt
FIGS	figs
Sunkist	Sunkist
Vigil	Vigil
But%C5%8D	BUt
GONG	Gong
Castrillon	Castrillon
Shake	`Shake
Thr	thr
Huck	Huck
Afternoons	Afternoons
Grandsons	grandsons
Modena	Modena
Power	power
Woodlock	Woodlock
Poland	POLAND
Gunderson	Gunderson
Parche	Parche
Terrill	Terrill
Hits%2B	HITS
Raspberry	Raspberry
%C4%B0nc%C9%99	INC
Dhankuta	Dhankuta
Rebel	Rebel
Cauldron	cauldron
Ninjas	ninjas
Ohm	Ohm
December	December
Ballroom	Ballroom
Judgment	judgment
Folk	folk
MMM	MMM
Grasshopper	grasshopper
Esperanto	Esperanto
Tayside	Tayside
PENG	Peng
Carswell	Carswell
Feijoada	Feijoada
BIC	Bic
Vegetable	Vegetable
Fujikawa	Fujikawa
Ugo	Ugo
Twilight	twilight
Iranians	Iranians
Cascades	Cascades
AirPort	Airport
Grammer	Grammer
Hypnos	Hypnos
Crushed	crushed
Hole	Hole
PAMS	pams
K.I.N.G.	king
Cir%C3%B2	Ciro
Languidly	languidly
Incorrect	incorrect
Arbat	Arbat
V%C3%ADtkovice	Vitkovice
ESCOM	Escom
Evart	Evart
Sand	sand
Okay	okay
Triangle	triangle
Reserve	REserve
Repellent	Repellent
Inclination	inclination
Hislop	Hislop
Justification	justification
KELP	Kelp
Surfers	Surfers
Miyajima	Miyajima
Spink	Spink
Rendezvous	rendezvous
%C4%AAraj	Raj
Addiction	`addiction
Betty	betty
Brake	BRAKE
Woodpecker	Woodpecker
Vozhd	Vozhd
M%C3%A4dchen	Madchen
Ingeborg	Ingeborg
Germans	GERMANS
SEITA	SEITA
Dogooders	do-gooders
Turbine	turbine
